Name,Date of birth,Married,Phone,Salary
Jillane Klimashevich,10/21/1995,false,8231926240,805.42
Alie Bedburrow,2/16/1997,false,7524982127,250.48
Jobey Costain,5/16/1990,false,4494349440,163.43
Vittoria Glayzer,1/10/1995,false,7757991657,985.14
Humfrey Kidson,2/9/1999,true,9121600835,389.02
Claudine Antognetti,12/29/1978,false,7466340068,671.48
Wye Mockett,3/11/1982,true,3618502994,29.56
Salome Sandever,7/18/1985,true,4088487355,493.03
Davis Quodling,9/9/1977,true,8207664638,195.71
Freddie Flintuff,6/13/2000,false,9184011061,35.72
Anallise Rounsefull,4/10/1985,true,3261061418,773.33
Fredek Burrells,8/28/1983,true,1063730043,442.76
Donn Strainge,12/31/1976,true,4064168917,609.93
Carly Latus,1/31/2000,false,5617373541,116.4
Bord Hansie,5/4/1982,true,6211044067,290.94
Debbi Lawfull,8/14/1993,true,3834990804,450.87
Papageno Hudless,3/21/1980,false,2769945748,567.33
Bryn Cranny,10/14/1998,true,3834512947,486.78
Olivero Grishakov,3/28/1993,false,1273103327,373.43
Moreen Stacy,2/24/1984,true,7337652059,596.1
Godwin Probbings,1/10/1983,false,1311638022,813.69
Harmonie McLay,11/10/1977,true,3458614349,382.4
Wheeler Rodenburg,6/22/1983,true,5457008917,133.56
Shadow Djekic,7/9/1979,false,1991875529,81.12
Gianna Schwerin,10/10/1978,true,4599690254,617.89
Flore Postill,2/18/1981,false,2198746529,485.72
Ced Innes,2/28/1999,false,1555121242,80.84
Vite Pauleau,10/9/1975,true,9891504714,313.11
Charline Self,1/7/1976,true,1774701664,287.45
Hayes Creenan,9/25/1975,false,7756287187,744.9
Ferdy Castane,12/20/1986,true,5789102659,964.26
Jarrad Youles,8/30/1982,false,2011216576,726.2
Rab Duinbleton,9/11/1998,false,3946701663,221.28
Andris Castagnone,11/6/1983,true,5337515547,503.89
Pablo De Lascy,2/25/1993,true,5523029609,118.02
Calla Maysor,5/26/1990,false,1007825336,788.58
Esmeralda Fusco,2/10/1976,true,6237175509,710.39
Earvin Float,4/27/1986,true,5024540606,857.69
Thornton Capitano,10/27/1986,false,1815159746,684.15
Engracia Hakes,11/2/1996,false,9757315720,898.34
Wheeler Siddens,7/31/1999,false,9372682457,474.09
Celisse O' Byrne,11/28/1998,false,2825900486,965.15
Pavlov Ferrelli,6/28/1984,false,4328525483,530.93
Erina Scowcraft,7/22/1981,false,3617794664,439.75
Cassie Rex,10/26/1973,false,8263340116,593.62
Sibyl Abdee,12/22/1983,true,8263164812,740.6
Joana Esposito,3/7/1982,true,5105109813,51.47
Quint Mackro,4/9/1988,true,2264248409,152.08
Gaynor Coldridge,4/8/1988,false,6334397025,452.98
Kevan MacNamara,9/23/1991,false,4967190308,806.94
Mavra Bradane,5/10/1979,false,8586515636,240.9
Briney Wibrew,5/27/1978,false,9425033153,636.77
Bent Stidston,6/23/1977,true,5373314537,650.78
Syd Peoples,10/7/1993,true,1327460397,178.33
Barbara-anne Mandre,1/31/2000,true,9369007382,923.71
Paten Jaan,4/19/1993,false,6362950579,278.44
Orelie Mathys,9/5/1984,false,4724396285,762.02
Leupold Cressor,12/11/1995,false,9855179579,63.38
Bev Skarr,5/22/1981,false,8424764762,997.39
Desdemona Bonafacino,6/5/1988,false,8555493420,982.29
Kermie Eastwell,11/13/1973,false,7439076775,403.83
Celisse Cowsby,3/31/1974,false,2269578474,764.43
Karlee Bulbrook,10/12/1989,true,9399703136,480.97
Rodina Spellsworth,8/2/1990,false,8326613810,381.2
Carter Baume,8/6/1980,false,6759777903,847.47
Mahala Bathoe,11/14/1984,false,5085023228,928.89
Bronson Roden,3/31/1992,false,2136181624,838.72
Debra Snawdon,6/24/1993,false,2239953114,16.43
Hillary Myatt,1/17/2000,true,4046363864,205.1
Delphinia Davidwitz,1/23/1979,true,7138782327,758.87
Grange Papierz,1/10/1991,true,3164320182,751.07
Nealon Roddick,5/19/1993,false,5878828324,41.41
Constanta Bockman,8/15/1983,false,7674459908,198.81
Elsa Buckmaster,2/10/1998,false,1841506618,515.69
Domini Crichten,1/30/1994,false,4425269615,609.93
Cleveland Hannibal,7/29/1980,false,1463660151,697.27
Violet Winspeare,3/17/1979,false,6194147406,987.54
Berk Wooldridge,4/9/1982,false,4401576012,298.85
Kristoforo Bleibaum,8/22/1981,false,3276676885,71.37
Hurlee Tunnacliffe,11/22/1999,false,5628426012,990.98
Claudianus Harower,7/10/1983,false,4547439254,564.66
Jori Horwell,12/18/1983,false,3302545594,683.34
Moyra O' Clovan,2/28/1979,true,6932834235,413.71
Andy Bengtsen,4/20/1990,false,6898418589,718.01
Solomon Lovitt,9/16/1993,false,8521742054,163.07
Brennen Marrows,11/10/1984,true,1927916046,793.92
Blancha Rafe,5/9/1980,false,7385132149,765.73
Dore Holsall,2/4/1981,false,1677566210,874.07
Dyna Sarsons,4/4/1977,false,2279869775,740.22
Esra Duffrie,6/16/1995,true,8734627164,374.23
Kali Arghent,6/18/1998,true,6917825855,938.92
Vivien Flute,12/30/1987,false,5021523894,60.14
Felecia Paxton,6/15/1996,true,5577469286,546.09
Penny Le Noir,12/15/1974,false,1448928702,381.75
Christiana Seawell,10/21/1997,false,2134540258,255.45
Webb de Wilde,10/24/1976,false,5039757137,541.94
Aubert Mansel,9/27/1976,true,9343821008,599.57
Marjie Doudny,12/1/1989,true,1886295833,506.59
Gerhardt Zanni,5/13/1980,false,9994370076,323.36
Florida Butters,9/22/1974,true,8942250747,102.27
Blakelee Godthaab,5/28/1985,false,2465321300,799.32
Johanna McMenemy,5/7/1994,true,2991496638,158.34
Roxane Ashton,2/6/1997,false,8462731716,114.3
Ody Escot,6/17/1997,true,3656857717,566.02
Debbi O' Mahony,5/27/1977,true,6237192469,740.18
Angelina Clowser,8/7/1982,true,8225149632,422.22
Brit McAree,3/2/1998,false,8822766781,475.08
Sophey Hellen,10/19/1992,true,4539058950,367.76
Bent Wasling,8/5/1981,false,9023335898,386.1
Germayne Pyett,12/30/1982,false,4583714676,239.41
Peria Morais,1/26/1989,true,5162268050,799.37
Sher Estevez,8/3/1991,false,8541654194,633.03
Trula McDool,8/31/1982,true,7659058241,329.37
Emmett McEvilly,5/15/1993,true,8179602713,670.51
Aveline Garbert,3/27/1977,true,2952810160,63.98
Teena Faragan,12/20/1978,false,2583843730,121.19
Anny Gallie,11/16/1994,false,3843611323,758.73
Honoria Sands-Allan,10/11/1997,true,8914393217,554.29
Steffi Khidr,6/5/1975,false,6483903719,104.22
Karol Beton,12/22/1973,true,7905832044,447.76
Jaimie Leefe,12/21/1977,false,5381369888,101.75
Florina De Cruze,8/19/1984,false,7048909292,823.47
Harald Vanns,8/14/1993,false,7941075805,485.12
Jocko Itzkin,6/4/1978,false,5814070607,699.47
Ransom Brigg,1/19/1992,false,4336383661,200.33
Ibrahim Logsdail,5/14/1991,false,8101087175,290.26
Bartolomeo Hiseman,5/5/1978,true,1113152652,529.21
Karney Brunton,4/9/1995,true,2072714755,610.75
Federica Casa,9/18/1999,false,7109199045,205.27
Jonis MacKnockiter,7/13/2000,false,1984497671,119.02
Carlin Trymme,8/13/1989,true,9627612643,485.54
Rawley Corthes,1/28/1987,true,4819021447,922.85
Steven Faint,12/25/1977,true,3407783341,361.86
Randee Luckwell,11/3/1977,false,9159682286,818.59
Melisent Reinard,2/7/1991,false,5443509180,4.93
Jo Haney,4/8/1981,true,7161355761,994.19
Keely Beaven,5/24/1974,false,3132336946,947.02
Jaine Cornelis,6/14/1977,true,1637343989,768.03
Davy Berre,3/1/1989,true,2296026726,358.89
Nikkie Mackriell,5/25/2000,true,1688765138,739.65
Geraldine Jordin,4/24/1992,true,2835463204,591.62
Libbey Rattray,2/25/1975,true,8743277365,798.19
Austin Esmonde,5/15/1977,true,2134851051,87.49
Luz Rogez,8/8/1992,false,3473596889,911.89
Sebastien Meere,2/1/1992,true,4274341471,364.57
Alena Killick,1/7/1984,true,7569312926,608.6
Nicoli Comizzoli,6/24/1978,false,4092447861,215.21
Benita Breton,6/29/1989,true,4974540861,344.92
Eloisa MacCallester,5/6/2000,true,3701019610,715.76
Kylie Matic,3/29/1980,true,5437856418,958.49
Mozes Conboy,6/12/1980,true,3233542775,962.14
Ana Arrighetti,2/28/1992,true,2512107697,515.33
Libbie Ritter,11/7/1989,false,3488603218,763.63
Jen Simka,4/14/1977,true,6669692242,396.17
Pete Ronca,2/9/1985,true,1429546917,496.15
Otes Palfreeman,11/15/1987,false,3426044629,791.33
Almira McHaffy,7/26/1981,false,3025209751,981.58
Willette Bartrum,7/4/1999,true,5499440528,573.6
Faustina Glassborow,12/29/1978,true,6015399297,175.8
Philly Bartzen,6/28/1996,false,1038053267,753.67
Suzann Grevile,5/5/1988,true,3954079448,736.22
Gratiana Hinks,6/5/1985,true,6728235149,412.25
Anetta Gamblin,7/1/1976,true,3114547121,800.3
Maritsa Roma,11/15/1984,true,3119541217,259.65
Priscella Rosenberg,8/2/1976,false,9804047887,248.34
Zorina Betz,12/9/1977,false,1331776904,958.92
Cyndie Mahaffey,6/9/1978,false,4933741659,133.25
Johnathon McBoyle,8/25/1998,false,3506940895,263.6
Brynn Chaffey,11/6/1983,true,2936769654,561.68
Peggie Ind,1/22/1998,true,5403823887,537.2
Thomasa Iveson,6/21/1984,true,5152305529,302.01
Annie Snowling,6/29/1990,false,7324442476,177.61
Caz Jellett,11/24/1991,false,8667400663,383.63
Farley Cicculi,9/16/1977,true,6748402295,953.59
Clyde Vany,12/18/1995,true,8972775604,92.52
Roddie Deverick,5/3/1980,false,5984711186,95.11
Yanaton McRitchie,9/8/1988,true,5918734019,283.82
Gil Dane,6/5/1998,true,5565033865,950.36
Costanza Brunner,9/20/1985,true,7853826481,700.67
Drusy Davio,1/9/1984,false,5833494163,432.99
Saxe Clemanceau,6/19/1993,false,7615473534,655.72
Keriann Pinckard,8/24/1975,false,7962212217,762.88
Viki Martygin,5/26/1977,false,1527111021,961.63
Patric Allmond,12/5/1987,false,3087163996,636.93
Natalee Oran,4/9/1984,true,4109698723,519.26
Grazia Fantonetti,3/15/1997,true,9225138911,452.4
Leese Budcock,9/16/1996,false,3151872075,471.52
Hilary O'Rudden,8/15/1986,false,4727756564,180.81
Adler Enrich,1/19/1999,true,2411031801,99.76
Florry Ragate,10/27/1996,true,9452386185,671.98
Marjorie Borleace,11/14/1975,false,8958728669,993.42
Lionello McCloch,1/2/1989,true,9244881984,306.13
Rance Jaycox,7/19/1979,false,5915264133,757.77
Vladimir Draijer,7/31/1983,false,5598027929,822.4
Ellerey Quilligan,5/14/1980,false,1441188109,152.2
Annelise Hender,6/23/1995,false,5247289158,611.73
Bradney Maplesden,11/27/1994,true,9004386052,107.87
Franklyn Moff,2/16/1997,false,4916722510,328.01
Jermayne Paik,10/6/1990,false,1124566452,139.53
Tommy Chiplin,10/18/1996,true,4376723560,562.66
Renaud Slorance,8/10/1996,true,3301714455,463.1
Jeni Ebdin,11/10/1975,true,4651035444,677.38
Obed Test,4/2/1996,true,5982231309,620.47
Tybi Bertenshaw,6/8/1978,false,9562928829,230.14
Verena Roycroft,12/5/1991,false,7458175741,439.07
Kirby Burdell,2/15/1994,true,7744483676,721.19
Freddie Dawe,7/1/1974,false,2318009304,653.67
Felike Dougan,7/28/1980,false,9673819988,112.63
Archaimbaud Riha,7/13/1997,true,3592154549,767.63
Cyndia Sywell,9/26/1997,false,9639837823,836.81
Erinn Hebbron,11/26/1989,true,2099694758,538.31
Bobbe Brattan,9/16/1983,true,6005418473,905.53
Abbye Gregoretti,3/6/1986,true,4103559635,545.62
Tory Larvent,3/10/1982,true,5876739764,637.1
Bee Hubbert,4/21/1991,false,1793396852,675.49
Nadya Palister,6/1/1999,false,4515267908,929.58
Brock Brydson,10/22/1995,false,2393068237,485.81
Iggy Halstead,8/22/1976,true,6698344043,381.25
Shermy Bront,1/4/1982,true,5416626885,269.89
Nikki Haughan,5/20/1982,true,1418915500,195.39
Fidela Heathcote,10/8/1992,false,9306866303,710.16
Cornell Crow,4/22/1996,true,7182448684,306.24
Eduard Kapiloff,4/5/1978,true,1793663298,729.84
Bernete Worge,8/20/1998,false,2711269262,502.53
Arline Banke,7/31/1996,false,9911591596,300.8
Carmelita Saylor,1/24/1979,true,9896005442,628.92
Batsheva Beever,2/17/1976,true,5654461893,163.93
Gun Beswell,11/8/1986,false,8255451030,672.47
Giff Amor,10/13/1983,true,2573575960,962.68
Enrica Meneer,5/20/1985,true,1116106571,154.82
Lorna Everall,2/8/1988,false,8619879423,354.59
Orran Eyrl,12/6/1974,true,5382357105,274.83
Torie Seagar,6/9/1987,false,3437835931,649.19
Adore Daldan,10/4/1990,false,3615321581,359.25
Zeb Sheran,2/28/1974,true,1775968413,408.87
Julie Ferrai,5/23/1985,false,6764175943,44.1
Alvan Fazzioli,1/9/1986,false,5861201734,26.43
Marlane Caird,12/28/1988,false,8069988192,315.28
Valentine Karpe,9/6/1993,false,7712130531,582.64
Rachelle Griffoen,5/9/1977,true,3157836441,16.93
Mellisa Roizin,11/7/1997,false,5022403877,600.01
Hadleigh Dolohunty,2/17/1987,true,3199499259,808.82
Kelvin Yakubovics,2/3/1979,true,7691441676,343.7
Dean Desesquelle,6/19/1976,true,1046384468,937.8
Irving Sans,7/20/1990,false,8588216507,486.37
Lorain Menier,9/15/1983,false,7048472719,820.7
Enrico Ingarfill,8/3/1976,true,1328273348,741.21
Cherye Kollatsch,9/24/1995,true,9236609849,857.71
Griffy Woodgate,1/17/1975,false,9384375731,257.76
Kore Cobby,5/29/1982,false,9475746295,23.76
Coreen Huggin,3/12/1988,false,7746811172,739.48
Rebe Endley,7/18/1995,false,9023466422,588.13
Sadie Shieber,5/4/1983,true,6488634044,542.13
Cosmo Kremer,6/18/1987,true,6535183340,375.84
Nicko Maymand,2/20/1990,false,7286391237,647.92
Ellen Provest,11/23/1976,true,3119884901,260.76
Jeanine Mandres,6/10/1992,true,8097947770,581.99
Guillemette Mathis,5/30/1984,false,1151286285,416.05
Talbot Yeowell,6/6/1993,false,6944704903,10.09
Sloan Daice,8/20/1983,false,2704763080,137.44
Audrie Feldberger,5/23/1980,true,1236082812,52.55
Liva Felten,6/21/1980,true,4265329024,747.07
Angy Elsbury,2/26/1978,false,8551245809,402.16
Ferdinand Dawley,5/16/1994,false,8817651429,160.1
Yvor Guillard,3/10/2000,true,9756593604,432.68
Bevvy Saller,12/2/1981,false,5287091219,140.74
Joni Ternault,12/22/1973,true,2034244598,777.63
Rea Polfer,11/15/1991,true,7076193602,375.93
Davie Olland,1/5/2000,false,7154499332,585.07
Alfi Cornfoot,6/16/1983,true,8757885462,945.69
Lilyan Tander,1/19/2000,false,8811716531,690.52
Ertha Heathwood,8/12/1996,true,3089422972,569.12
Misti Meader,10/17/1997,false,3756587937,824.84
Cyrus Rushsorth,9/4/1996,true,2014955478,709.55
Oriana Gurton,5/27/1978,true,7647871796,896.87
Cordy Boocock,8/13/1989,false,5009613832,671.09
Carree Itzcovich,9/22/1977,false,8655381196,541.79
Robers Ottewill,3/30/1992,true,1049599769,282.74
Linnea Civitillo,7/18/1986,true,1817334225,82.83
Gregoor MacAskill,4/18/1994,false,5037078423,79.24
Blisse Gotliffe,12/4/1999,false,9196209535,484.87
Helen-elizabeth Dannehl,12/1/1985,false,8339431602,413.23
Lindsey Derry,5/5/1978,true,7141766349,176.66
Sim Berkely,1/19/1995,false,7263215755,864.33
Westbrook Addyman,8/26/1988,false,1553028875,444.9
Wilmar Nares,2/22/1991,true,8227893998,834.09
Juliane Biggs,9/10/1998,true,3677520977,909.65
Eddy Agastina,8/9/1988,false,3507426704,965.88
Padriac Bispo,9/28/1987,true,2877601975,472.28
Beverlee Diplock,12/30/1996,false,4727795002,293.27
Evey Allmark,12/8/1997,true,3951807879,440.02
Billy Lindores,1/16/1984,false,6018964269,592.48
Yehudi Cowen,4/29/2000,true,4108361007,553.99
Zorina Hallard,10/8/1996,true,3175183225,293.37
Serene Serjent,8/15/1980,true,5358261418,873.41
Sloan Gian,3/25/1995,true,5343231882,689.81
Nicola Esgate,9/10/1983,false,3656921294,686.67
Courtnay Clymer,7/8/1983,false,1478684949,646.36
Iosep Dundin,7/14/1985,true,5567299089,617.92
Harlen Peirce,6/27/1979,false,8251195189,502.9
Ofella Bryer,7/16/1979,true,7026650103,855.24
Derwin Ondrak,1/31/1993,true,2188706493,10.68
Glen Linkie,8/30/1976,true,2435128986,130.37
Benoit Naerup,2/9/1986,false,8025640575,532.5
Griffie Birkin,3/7/1982,true,7371036964,940.22
Alethea Merrien,12/11/1984,false,7099486878,554.22
Trumaine Stainsby,9/22/1979,true,2892450488,992.54
Igor Capron,3/10/1974,false,5542496039,932.75
Ronny Beachamp,10/6/1997,false,7606976814,276.95
Tanhya Mulloch,5/24/1985,true,7492777416,436.3
Laureen Loomis,4/7/1998,true,1494629991,725.4
Warde Birwhistle,10/23/1989,true,6055913490,648.62
Sly Nattriss,4/24/1984,false,7209511167,70.03
Brendis Tiron,9/30/1994,false,7501729365,219.16
Hilliary Foxcroft,9/21/1992,true,7705078989,616.2
Cammi Crank,9/19/1987,true,7944090394,58.96
Cirilo Fettes,2/26/1994,true,1854695005,384.2
Hakim Willmot,12/30/1997,false,8172140858,215.08
Dionysus MacTeggart,9/20/1991,true,1326547529,416.4
Janice Goodship,10/29/1995,true,6008975026,662.29
Cacilie Chatten,1/27/1998,false,6153179382,293.06
Murdock Brackenridge,5/8/1982,true,9295091251,455.63
Babara Samme,10/31/1977,false,8733103065,708.13
Paul Schwand,6/30/1982,false,1168832100,910.25
Joby Hopfner,9/25/1982,false,4385661146,942.35
Barrie Sharratt,6/9/1987,false,8792759938,993.6
Rawley Stiger,12/23/1994,false,6721036029,233.68
Filide Shackel,9/26/1982,true,7631750000,919.53
Stanwood Tedman,1/14/1993,true,8637133801,933.98
Ardys Hollingby,11/14/1997,true,5068523328,716.11
Donielle Cocklin,2/19/1997,true,2077631418,371.7
Bendix Townrow,9/2/1978,false,5829455907,536.2
Erna Skipton,5/31/1994,false,9669708506,362.65
Darcy Finnes,6/12/2000,false,5419297532,464.79
Damita Abrahamson,2/18/1995,false,2732573817,725.9
Eugenius Boliver,9/5/1974,false,1753962875,213.41
Harvey Cridlin,8/22/1983,true,3697969210,984.57
Ralph Stocks,2/17/1976,false,1495558640,813.69
Gabbey Kadwallider,5/7/1995,false,5419665010,591.52
Shaina Greenland,8/13/1975,true,7356958320,339.66
Alyssa Bolduc,2/27/1998,false,9665723371,319.95
Umberto Laverick,9/10/1993,false,9203789351,772.82
Koressa Willacot,9/7/1977,false,6655350786,568.63
Carmelle Castellanos,11/16/1984,true,6967305482,85.53
Krystalle Farleigh,10/5/1974,true,3762745427,673.46
Sargent McKerton,7/6/1974,true,1476820108,706.13
Amberly Stoffer,9/13/1976,true,3849812622,322.04
Elfreda MacSharry,5/12/1981,false,6597472194,791.6
Tasia Bosma,9/5/1976,false,7131576783,742.84
Wendell Danilov,6/23/1991,true,7391880458,83.82
Berthe Chrestien,3/4/1987,false,1157890260,213.33
Justinn Hebdon,12/14/1995,false,4047184436,822.75
Ginevra Rushford,3/27/1982,true,8818721520,725.99
Tabor Toffolini,8/6/1981,false,3884997471,626.43
Filmer Mea,10/31/1990,true,9437704640,60.21
Hildegarde Domanek,7/13/1982,false,3003434404,830.44
Merill Fordyce,8/13/1992,false,6726853263,50.91
Andrew Mouton,6/23/1975,false,2922268102,150.16
Nedda Gerhartz,5/3/1978,true,8583966882,275.34
Adelbert Speakman,6/17/1997,false,2549844860,535.55
Filippa De Giorgi,2/24/2000,false,5528336847,40.3
Ellerey McKee,4/23/1982,true,1977155283,171.14
Neysa Imm,10/7/1989,true,5824589446,735.24
Griz Vinau,5/18/1991,false,1952177262,882.26
Peri Godon,2/24/1977,false,7543426664,914.31
Liza Zanetello,7/31/1987,false,2452443163,138.73
Marillin Jedrzej,10/20/1998,false,9862155761,565.29
Tonye Skelington,3/11/1974,true,8038112739,110.63
Cozmo Verrier,8/10/1989,false,9654319513,345.42
Marena Bettanay,6/14/1988,false,6975108573,726.67
Athena Ghiroldi,11/6/1997,true,9929652492,638.52
Heall Langman,8/22/1976,false,2167518310,477.9
Haleigh Westney,8/22/1993,false,3932871777,842.13
Sara Iacobassi,7/31/2000,true,5205404285,171.66
Jason Formilli,10/21/1996,true,1475408429,657.99
Dermot Deguara,1/23/1977,true,5327107418,29.67
Blayne Bosman,11/17/1974,false,9352185925,881.13
Roldan Costi,11/7/1997,false,8827757565,75.51
Lil Guiton,2/3/1985,false,4644360120,648.48
Manolo Timberlake,2/16/1999,false,9585839878,319.77
Nolan Nasi,12/6/1992,true,3988944981,64.47
Renaldo Crudge,7/27/1981,true,5507085438,772.87
Ricardo Becker,1/13/1981,true,7782971242,333.98
Abigale Ivanyushkin,9/30/1997,false,6791361539,519.7
Norry Maskell,10/30/1990,false,7648463457,840.65
Cornall Bend,2/10/1981,false,5116639241,885.45
Gavin Signorelli,2/8/1991,true,4247195859,801.85
Cale Bloomfield,12/22/1974,false,7152955561,614.02
Cara Slarke,8/31/1983,true,4306768368,524.77
Gerardo Macon,10/2/1987,false,7587196107,702.96
Benny Heistermann,8/15/1974,false,2897317035,750.63
Jory Saywell,8/5/2000,true,5788520040,303.79
Rodrick Poynser,9/8/1986,false,4817359948,783.22
Sabrina O'Doogan,12/1/1987,false,3498942717,261.3
Hinda Skeffington,9/22/1994,true,5024979938,119.18
Kelsey Lanbertoni,11/9/1989,false,1309167168,672.26
Pernell Lyokhin,6/23/1981,true,6504133846,612.01
Hortensia Stainfield,12/25/1990,true,8189900440,27.26
Jaquenette Gravener,9/22/1981,false,2597500856,126.22
Baudoin Need,9/7/1985,false,1007429957,85.74
Rusty Sail,10/19/1982,true,4352198542,451.83
Clevie Starmer,8/14/1989,true,9932862339,494.34
Bendite Denyer,7/12/1982,false,8864087131,620.16
Vernice Draisey,10/25/1981,false,7602796700,688.33
Onfre Keyho,12/9/1984,true,6353561932,421.54
Anastassia Mor,8/31/1988,true,3164623190,363.34
Vera Marham,11/21/1975,true,5212492517,567.15
Leif Wigin,1/7/1992,false,4533552290,895.68
Kikelia Lanfear,2/14/1995,false,9972371556,349.37
Merrilee Bewsey,7/9/1987,false,8397521449,273.25
Louie Malcolm,1/8/1977,false,1169902531,279.36
Oneida Warfield,3/4/1991,false,9006129842,502.61
Nissy Barry,11/29/1981,true,5939132725,262.9
Gipsy Derisley,10/27/1998,true,4154271266,139.06
Zorine Andreaccio,12/2/1996,false,9561084630,97.09
Donnie Thorpe,9/16/1998,true,1435523828,715.86
Coleman Worswick,12/16/1979,true,1034104566,78.43
Tiertza Christopher,9/6/1999,false,6686496439,981.2
Shelley McCullock,9/21/1978,true,2356005164,680.68
Carley Ruggen,1/22/1975,true,3034792864,875.69
Jana Broschke,8/19/1998,true,2835383337,501.14
Adele Webby,8/22/1986,false,5642175426,947.0
Elizabet Snaden,2/12/1976,true,5847229157,694.28
Darren Goligher,11/8/1999,true,5813379711,249.68
Davide Shorten,9/11/1978,false,7867410042,549.22
Fidelity Bayford,6/16/1995,true,5988855899,6.96
Engracia Eastby,1/17/1977,false,5481779537,102.44
Jany Clarkin,1/1/1996,true,5128316945,870.42
Berkley Sailes,3/1/1976,true,4428524470,65.69
Marlee Boother,3/6/1999,true,3299282782,404.75
Leshia Roseborough,8/19/1990,false,2575232995,395.11
Adah Aarons,11/2/1981,true,4671049932,577.96
Adel Jeromson,7/19/1986,true,5124750044,150.28
Jerri Tees,1/21/1994,true,5611868432,513.21
Dougie Davidman,6/22/1987,true,2278806863,385.17
Cosetta Janiak,3/18/1997,false,1887125873,101.89
Mable Tremblay,1/5/1994,true,7609671555,628.77
Ruthann Whiten,8/28/1996,false,9795647637,618.1
Giuditta Attkins,4/16/1994,true,2335269073,330.59
Jolynn Cockton,10/21/1974,true,2696247551,269.17
Jodi Bampfield,5/11/1974,true,2352431778,78.82
Starlene Petrelli,3/3/1990,true,1862421824,285.53
Marnia Rawsthorne,1/21/1992,false,6165141180,214.15
Godfree Beat,7/21/1984,false,6529537280,226.03
Sasha Jencey,2/7/1995,false,2936845415,108.59
Sarge Rizzolo,7/28/1999,true,1027015230,556.3
Jayson Kochlin,4/10/1995,true,1311745428,682.5
Verile Berrisford,10/26/1995,false,8472417703,392.6
Jeffry Rosenkranc,6/2/1991,false,9355382054,924.7
Corissa Kilfeather,5/18/1988,false,8705793889,4.47
Roscoe Scrace,10/27/1973,true,8416892924,595.78
Barrie Godbald,2/26/1999,false,1854516808,868.24
Idalia Coram,11/24/1995,false,9421692560,923.02
Hakeem Beine,1/31/1987,false,4529171403,361.16
Sonnie Branford,3/13/1998,true,4873323626,112.62
Eleanore McDavitt,6/5/1987,false,9061623526,565.81
Shaun Logsdale,2/11/1977,false,6157314897,432.68
Ellette Quinane,6/22/1995,true,7135823312,142.33
Annis Mifflin,3/20/1998,true,2768447306,929.94
Jamil Pawlik,7/8/1992,false,1156574569,781.52
Darb Witherow,12/31/1992,false,4515513903,603.42
Madelaine Mattam,7/25/1991,false,4386274249,439.68
Cordi Henrot,8/19/1984,true,6128728519,324.85
Alysa Cleen,12/10/1984,true,4875160356,30.06
Donnie Lakenden,1/29/1987,false,7139287638,664.02
Fidela Varah,5/26/1998,false,3836359304,908.58
Henrietta Overbury,11/27/1987,true,1801851270,459.5
Woodrow Kobisch,8/29/1992,true,6207097648,266.15
Edgard Blaxlande,9/27/1979,false,2463628413,96.37
Elmira Kennet,12/6/1992,false,5679235506,580.13
Jude Weigh,10/11/1992,true,5163045128,937.02
Othello Giovannoni,7/5/1990,true,9112531112,821.49
Siward Royds,10/8/1997,false,9656283343,913.99
Bettye Barthorpe,8/25/1997,false,6598671399,312.99
Gabriel Heddon,8/11/1988,true,8326037614,598.54
Shaylyn Akenhead,11/24/1997,true,2811295254,821.33
Alisa Breslane,5/4/1988,true,1888876826,711.11
Alphonso Hadaway,1/1/1991,true,5391498868,926.85
Hillard Haynes,12/15/1974,true,4274595603,103.57
Karyl Davana,3/1/1979,false,6359832388,194.91
Rouvin Recher,1/12/1982,true,1767281499,42.86
Riva Jennery,11/1/1998,false,1398571942,111.24
Stormy Mennell,9/17/1995,true,3805431623,824.94
Sawyer Fass,2/28/1976,true,2091716483,111.57
Eben Caldwell,9/26/1995,false,9916545852,65.86
Eadmund Leblanc,10/4/1976,true,7114814845,388.41
Igor Hasard,8/2/1990,false,4223043033,620.82
Kaye Fildery,11/22/1983,false,1872071450,103.42
Lutero Dyche,9/16/1980,true,4717712797,302.31
Andrea Goodanew,6/30/1975,false,9014349584,417.66
Kalinda Claire,3/7/1993,true,1467999743,33.92
Murvyn Scarce,7/10/1999,true,9337597354,215.25
Julita Armatidge,5/7/1981,false,1239938051,773.29
Jarid Audsley,6/8/1990,false,8051665279,839.53
Demott Buckner,4/13/1981,true,9715210075,689.58
Cherida Blowne,6/12/1994,false,8633406703,381.13
Mala Hatchette,6/8/1987,true,1074380791,728.38
Margaux O'Hagirtie,6/3/1985,false,8677180220,489.65
Marchelle Durrett,7/10/1994,true,9219280456,320.11
Jonis Ruddom,1/13/1996,false,1076738589,230.83
